Order No,Customer Name,Order Date,Amount,Is Paid,Note
C-001,Customer C-001,2026-01-01,9999.99,false,Modified after snapshot
C-002,Customer C-002,2026-01-02,102.50,true,Original content row 2
C-003,Customer C-003,2026-01-03,103.50,false,Original content row 3
C-004,Customer C-004,2026-01-04,104.50,true,Original content row 4
C-005,Customer C-005,2026-01-05,105.50,false,Original content row 5
C-006,Customer C-006,2026-01-06,106.50,true,Original content row 6
C-007,Customer C-007,2026-01-07,107.50,false,Original content row 7
C-008,Customer C-008,2026-01-08,108.50,true,Original content row 8
C-009,Customer C-009,2026-01-09,109.50,false,Original content row 9
C-010,Customer C-010,2026-01-10,110.50,true,Original content row 10
C-011,Customer C-011,2026-01-11,111.50,false,Original content row 11
C-012,Customer C-012,2026-01-12,112.50,true,Original content row 12
C-013,Customer C-013,2026-01-13,113.50,false,Original content row 13
C-014,Customer C-014,2026-01-14,114.50,true,Original content row 14
C-015,Customer C-015,2026-01-15,115.50,false,Original content row 15
C-016,Customer C-016,2026-01-16,116.50,true,Original content row 16
C-017,Customer C-017,2026-01-17,117.50,false,Original content row 17
C-018,Customer C-018,2026-01-18,118.50,true,Original content row 18
C-019,Customer C-019,2026-01-19,119.50,false,Original content row 19
C-020,Customer C-020,2026-01-20,120.50,true,Original content row 20
C-021,Customer C-021,2026-01-21,121.50,false,Original content row 21
C-022,Customer C-022,2026-01-22,122.50,true,Original content row 22
C-023,Customer C-023,2026-01-23,123.50,false,Original content row 23
C-024,Customer C-024,2026-01-24,124.50,true,Original content row 24
C-025,Customer C-025,2026-01-25,125.50,false,Original content row 25
C-026,Customer C-026,2026-01-26,126.50,true,Original content row 26
C-027,Customer C-027,2026-01-27,127.50,false,Original content row 27
C-028,Customer C-028,2026-01-28,128.50,true,Original content row 28
C-029,Customer C-029,2026-01-01,129.50,false,Original content row 29
C-030,Customer C-030,2026-01-02,130.50,true,Original content row 30
C-031,Customer C-031,2026-01-03,131.50,false,Original content row 31
C-032,Customer C-032,2026-01-04,132.50,true,Original content row 32
C-033,Customer C-033,2026-01-05,133.50,false,Original content row 33
C-034,Customer C-034,2026-01-06,134.50,true,Original content row 34
C-035,Customer C-035,2026-01-07,135.50,false,Original content row 35
C-036,Customer C-036,2026-01-08,136.50,true,Original content row 36
C-037,Customer C-037,2026-01-09,137.50,false,Original content row 37
C-038,Customer C-038,2026-01-10,138.50,true,Original content row 38
C-039,Customer C-039,2026-01-11,139.50,false,Original content row 39
C-040,Customer C-040,2026-01-12,140.50,true,Original content row 40
C-041,Customer C-041,2026-01-13,141.50,false,Original content row 41
C-042,Customer C-042,2026-01-14,142.50,true,Original content row 42
C-043,Customer C-043,2026-01-15,143.50,false,Original content row 43
C-044,Customer C-044,2026-01-16,144.50,true,Original content row 44
C-045,Customer C-045,2026-01-17,145.50,false,Original content row 45
C-046,Customer C-046,2026-01-18,146.50,true,Original content row 46
C-047,Customer C-047,2026-01-19,147.50,false,Original content row 47
C-048,Customer C-048,2026-01-20,148.50,true,Original content row 48
C-049,Customer C-049,2026-01-21,149.50,false,Original content row 49
C-050,Customer C-050,2026-01-22,150.50,true,Original content row 50
